Date,Value,Year
2021-07-01,100000.0,2021
2021-07-02,100000.0,2021
2021-07-05,100000.0,2021
2021-07-06,100000.0,2021
2021-07-07,100000.0,2021
2021-07-08,100000.0,2021
2021-07-09,100000.0,2021
2021-07-12,100000.0,2021
2021-07-13,100000.0,2021
2021-07-14,100000.0,2021
2021-07-15,100000.0,2021
2021-07-16,100000.0,2021
2021-07-19,100000.0,2021
2021-07-20,100000.0,2021
2021-07-22,100000.0,2021
2021-07-23,100000.0,2021
2021-07-26,100000.0,2021
2021-07-27,100000.0,2021
2021-07-28,100000.0,2021
2021-07-29,100000.0,2021
2021-07-30,100000.0,2021
2021-08-02,100000.0,2021
2021-08-03,100000.0,2021
2021-08-04,100000.0,2021
2021-08-05,100000.0,2021
2021-08-06,100000.0,2021
2021-08-09,100000.0,2021
2021-08-10,100000.0,2021
2021-08-11,100000.0,2021
2021-08-12,100000.0,2021
2021-08-13,100000.0,2021
2021-08-16,100000.0,2021
2021-08-17,100000.0,2021
2021-08-18,100000.0,2021
2021-08-20,100000.0,2021
2021-08-23,100000.0,2021
2021-08-24,100000.0,2021
2021-08-25,100000.0,2021
2021-08-26,100000.0,2021
2021-08-27,100000.0,2021
2021-08-30,100000.0,2021
2021-08-31,100000.0,2021
2021-09-01,100000.0,2021
2021-09-02,100000.0,2021
2021-09-03,100000.0,2021
2021-09-06,100000.0,2021
2021-09-07,100000.0,2021
2021-09-08,100000.0,2021
2021-09-09,100000.0,2021
2021-09-13,100000.0,2021
2021-09-14,100000.0,2021
2021-09-15,100000.0,2021
2021-09-16,100000.0,2021
2021-09-17,100000.0,2021
2021-09-20,100000.0,2021
2021-09-21,100000.0,2021
2021-09-22,100000.0,2021
2021-09-23,100000.0,2021
2021-09-24,100000.0,2021
2021-09-27,100000.0,2021
2021-09-28,100000.0,2021
2021-09-29,100000.0,2021
2021-09-30,100000.0,2021
2021-10-01,100000.0,2021
2021-10-04,100000.0,2021
2021-10-05,100000.0,2021
2021-10-06,100000.0,2021
2021-10-07,100000.0,2021
2021-10-08,100000.0,2021
2021-10-11,100000.0,2021
2021-10-12,100000.0,2021
2021-10-13,100000.0,2021
2021-10-14,100000.0,2021
2021-10-18,100000.0,2021
2021-10-19,100000.0,2021
2021-10-20,100000.0,2021
2021-10-21,100000.0,2021
2021-10-22,100000.0,2021
2021-10-25,100000.0,2021
2021-10-26,100000.0,2021
2021-10-27,100000.0,2021
2021-10-28,100000.0,2021
2021-10-29,100000.0,2021
2021-11-01,100000.0,2021
2021-11-02,100000.0,2021
2021-11-03,100000.0,2021
2021-11-04,100000.0,2021
2021-11-08,100000.0,2021
2021-11-09,100000.0,2021
2021-11-10,100000.0,2021
2021-11-11,100000.0,2021
2021-11-12,100000.0,2021
2021-11-15,100000.0,2021
2021-11-16,100000.0,2021
2021-11-17,100000.0,2021
2021-11-18,100000.0,2021
2021-11-22,100000.0,2021
2021-11-23,100000.0,2021
2021-11-24,100000.0,2021
2021-11-25,100000.0,2021
2021-11-26,100000.0,2021
2021-11-29,100000.0,2021
2021-11-30,100000.0,2021
2021-12-01,100000.0,2021
2021-12-02,100000.0,2021
2021-12-03,100000.0,2021
2021-12-06,100000.0,2021
2021-12-07,100000.0,2021
2021-12-08,100000.0,2021
2021-12-09,100000.0,2021
2021-12-10,100000.0,2021
2021-12-13,100000.0,2021
2021-12-14,100000.0,2021
2021-12-15,100000.0,2021
2021-12-16,100000.0,2021
2021-12-17,100000.0,2021
2021-12-20,100000.0,2021
2021-12-21,100000.0,2021
2021-12-22,100000.0,2021
2021-12-23,100000.0,2021
2021-12-24,100000.0,2021
2021-12-27,100000.0,2021
2021-12-28,100000.0,2021
2021-12-29,100000.0,2021
2021-12-30,100000.0,2021
2021-12-31,100000.0,2021
2022-01-03,100000.0,2022
2022-01-04,100000.0,2022
2022-01-05,100000.0,2022
2022-01-06,100000.0,2022
2022-01-07,100000.0,2022
2022-01-10,100000.0,2022
2022-01-11,100000.0,2022
2022-01-12,100000.0,2022
2022-01-13,100000.0,2022
2022-01-14,100000.0,2022
2022-01-17,100000.0,2022
2022-01-18,100000.0,2022
2022-01-19,100000.0,2022
2022-01-20,100000.0,2022
2022-01-21,99667.31854929468,2022
2022-01-24,99070.67149046746,2022
2022-01-25,99401.19520416313,2022
2022-01-27,99285.19897857898,2022
2022-01-28,99296.77764894557,2022
2022-01-31,99484.36762920601,2022
2022-02-01,99483.36580820424,2022
2022-02-02,99483.36580820424,2022
2022-02-03,99484.36762920601,2022
2022-02-04,99484.36762920601,2022
2022-02-07,99082.79176088133,2022
2022-02-08,99129.00181896483,2022
2022-02-09,99429.37413018051,2022
2022-02-10,99540.0002129165,2022
2022-02-11,99218.16159061863,2022
2022-02-14,99171.21144070507,2022
2022-02-15,99169.26047271532,2022
2022-02-16,99170.07652788481,2022
2022-02-17,99172.21689007505,2022
2022-02-18,99171.66540709556,2022
2022-02-21,99121.94624897276,2022
2022-02-22,99122.73551709813,2022
2022-02-23,99122.03404567948,2022
2022-02-24,99125.79004426733,2022
2022-02-25,99123.5615339191,2022
2022-02-28,99081.07380377788,2022
2022-03-02,99082.432989779,2022
2022-03-03,99082.58321348121,2022
2022-03-04,99084.12470801837,2022
2022-03-07,99037.20419539441,2022
2022-03-08,99037.13540916059,2022
2022-03-09,99036.65130615844,2022
2022-03-10,99034.27680045228,2022
2022-03-11,99036.58403899218,2022
2022-03-14,98986.20549530695,2022
2022-03-15,98985.57623347253,2022
2022-03-16,98984.47348469845,2022
2022-03-17,98985.58705767198,2022
2022-03-21,98714.27952996506,2022
2022-03-22,99220.42077980704,2022
2022-03-23,99036.05283419172,2022
2022-03-24,99220.64332350236,2022
2022-03-25,98955.38858696132,2022
2022-03-28,98905.04384773293,2022
2022-03-29,98904.97910371312,2022
2022-03-30,98905.1466477165,2022
2022-03-31,99134.05294343692,2022
2022-04-01,99134.89497994263,2022
2022-04-04,99587.70935710736,2022
2022-04-05,99586.30614461581,2022
2022-04-06,99600.02357272574,2022
2022-04-07,99130.48574229139,2022
2022-04-08,99636.31054898389,2022
2022-04-11,99478.58001537959,2022
2022-04-12,98728.155823742,2022
2022-04-13,99108.91836500456,2022
2022-04-18,98191.77789790652,2022
2022-04-19,97718.1639733504,2022
2022-04-20,97829.68878795899,2022
2022-04-21,98347.40859432955,2022
2022-04-22,97424.07389967197,2022
2022-04-25,97374.15437653007,2022
2022-04-26,97372.57142147115,2022
2022-04-27,97371.98442692912,2022
2022-04-28,97372.58948652567,2022
2022-04-29,97585.43318383026,2022
2022-05-02,97534.13391758827,2022
2022-05-04,97534.71222838156,2022
2022-05-05,97535.05403355794,2022
2022-05-06,97536.08943779572,2022
2022-05-09,97487.12008993245,2022
2022-05-10,97486.87160991182,2022
2022-05-11,97485.54847045187,2022
2022-05-12,97486.49726104779,2022
2022-05-13,97485.55699548154,2022
2022-05-16,97436.81421698381,2022
2022-05-17,97435.80259861134,2022
2022-05-18,97436.81421698381,2022
2022-05-19,97436.81421698381,2022
2022-05-20,97435.80259861134,2022
2022-05-23,97387.72555129243,2022
2022-05-24,97388.388834189,2022
2022-05-25,97388.48560206206,2022
2022-05-26,97386.99207207876,2022
2022-05-27,97388.41058209719,2022
2022-05-30,97338.53658217087,2022
2022-05-31,97608.68135527866,2022
2022-06-01,97608.94921073924,2022
2022-06-02,97608.7404114514,2022
2022-06-03,97609.03080124952,2022
2022-06-06,97560.00026000396,2022
2022-06-07,97560.79103848393,2022
2022-06-08,97560.82137508802,2022
2022-06-09,97560.92750194774,2022
2022-06-10,97559.71313528744,2022
2022-06-13,97511.93590978804,2022
2022-06-14,97510.93327871982,2022
2022-06-15,97510.93327871982,2022
2022-06-16,97511.93590978805,2022
2022-06-17,97510.93327871984,2022
2022-06-20,97461.7785661281,2022
2022-06-21,97461.7167785757,2022
2022-06-22,97462.56360359683,2022
2022-06-23,97462.68756986118,2022
2022-06-24,97461.53146491907,2022
2022-06-27,97412.80069918661,2022
2022-06-28,97413.80232123185,2022
2022-06-29,97413.80232123185,2022
2022-06-30,97678.10533841795,2022
2022-07-01,97678.10533841795,2022
2022-07-04,97629.2349764923,2022
2022-07-05,97630.57626169125,2022
2022-07-06,97627.72948873148,2022
2022-07-07,97625.99192079113,2022
2022-07-08,97626.91706250551,2022
2022-07-11,97547.49309433483,2022
2022-07-12,97368.32312615201,2022
2022-07-13,97345.994176593,2022
2022-07-14,97440.00417403177,2022
2022-07-15,97722.78604204209,2022
2022-07-18,97673.92464902108,2022
2022-07-19,97673.92464902108,2022
2022-07-20,97674.91232736163,2022
2022-07-21,97674.91232736163,2022
2022-07-22,97674.91232736163,2022
2022-07-25,97094.08901988005,2022
2022-07-26,96706.77678296158,2022
2022-07-27,97481.63313591522,2022
2022-07-28,97815.33064564936,2022
2022-07-29,98607.9951847859,2022
2022-08-01,99070.03229702542,2022
2022-08-02,99268.83245141225,2022
2022-08-03,99159.08794593629,2022
2022-08-04,99287.64464715832,2022
2022-08-05,99298.12117073686,2022
2022-08-08,99633.75674173121,2022
2022-08-10,99579.78377647157,2022
2022-08-11,99459.90464430775,2022
2022-08-12,99589.97146383359,2022
2022-08-16,100165.60422403521,2022
2022-08-17,100462.06282782307,2022
2022-08-18,100535.46953168041,2022
2022-08-19,99722.58673466602,2022
2022-08-22,99203.96946358275,2022
2022-08-23,99618.45833730079,2022
2022-08-24,99633.4864892067,2022
2022-08-25,99447.81397051345,2022
2022-08-26,99476.7463862587,2022
2022-08-29,99050.14297241087,2022
2022-08-30,100441.76978094845,2022
2022-09-01,100006.79736718559,2022
2022-09-02,100206.36420226263,2022
2022-09-05,100632.37557343591,2022
2022-09-06,100725.01607906388,2022
2022-09-07,100388.2134166129,2022
2022-09-08,101122.90563376648,2022
2022-09-09,101040.75557417425,2022
2022-09-12,101113.78207683275,2022
2022-09-13,101448.14431062911,2022
2022-09-14,101505.97579993217,2022
2022-09-15,101702.26239598703,2022
2022-09-16,100833.7772130815,2022
2022-09-19,101383.94483347594,2022
2022-09-20,101785.10573917329,2022
2022-09-21,101807.03346152326,2022
2022-09-22,102049.06168234695,2022
2022-09-23,101318.58153366845,2022
2022-09-26,100574.89316244915,2022
2022-09-27,100592.314853782,2022
2022-09-28,100394.03552691077,2022
2022-09-29,100452.7363124576,2022
2022-09-30,101094.08793262164,2022
2022-10-03,101043.54088865533,2022
2022-10-04,101043.54088865533,2022
2022-10-06,101044.5588700112,2022
2022-10-07,101043.54088865533,2022
2022-10-10,100948.29607326056,2022
2022-10-11,100605.75566305144,2022
2022-10-12,100810.29085344974,2022
2022-10-13,100535.29482831064,2022
2022-10-14,100674.47420778907,2022
2022-10-17,100624.13697068518,2022
2022-10-18,100624.13697068518,2022
2022-10-19,100624.13697068518,2022
2022-10-20,100625.1507368941,2022
2022-10-21,100624.1369706852,2022
2022-10-24,100866.71233589873,2022
2022-10-25,101057.08321134868,2022
2022-10-27,101360.44293992675,2022
2022-10-28,101603.3131898214,2022
2022-10-31,102557.33223495907,2022
2022-11-01,102811.65478880041,2022
2022-11-02,102745.14871434096,2022
2022-11-03,102739.41056988851,2022
2022-11-04,102732.1435883722,2022
2022-11-07,103039.3072327973,2022
2022-11-09,102840.11073720313,2022
2022-11-10,102270.37449968678,2022
2022-11-11,102238.1039605128,2022
2022-11-14,101769.89869621051,2022
2022-11-15,101983.73145151169,2022
2022-11-16,101849.67281710253,2022
2022-11-17,101705.01434660214,2022
2022-11-18,101301.67079540357,2022
2022-11-21,101009.6418174825,2022
2022-11-22,101183.68478405791,2022
2022-11-23,101362.4074970698,2022
2022-11-24,101780.87256837577,2022
2022-11-25,101694.1449540933,2022
2022-11-28,101578.22402458875,2022
2022-11-29,101680.35508949835,2022
2022-11-30,102382.62114621066,2022
2022-12-01,102512.80830468707,2022
2022-12-02,102253.8587391918,2022
2022-12-05,102206.78211237855,2022
2022-12-06,102020.7833980532,2022
2022-12-07,102066.99990444492,2022
2022-12-08,102170.14886915403,2022
2022-12-09,102260.11457588282,2022
2022-12-12,102329.41117099991,2022
2022-12-13,102587.77382996732,2022
2022-12-14,102674.85482041138,2022
2022-12-15,102026.5005936892,2022
2022-12-16,101680.82665197532,2022
2022-12-19,102092.24303116652,2022
2022-12-20,101916.16341844149,2022
2022-12-21,101147.92205180651,2022
2022-12-22,100904.162376056,2022
2022-12-23,100057.89594748573,2022
2022-12-26,100008.56516706744,2022
2022-12-27,100008.61557169697,2022
2022-12-28,100008.37178894553,2022
2022-12-29,100008.46815480437,2022
2022-12-30,100454.71606839017,2022
2023-01-02,100489.61703761334,2023
2023-01-03,100559.72022490461,2023
2023-01-04,100306.29278015444,2023
2023-01-05,100038.71523928562,2023
2023-01-06,99859.40148649107,2023
2023-01-09,99809.32086412961,2023
2023-01-10,99808.90672630644,2023
2023-01-11,99809.10206482961,2023
2023-01-12,99810.10963026875,2023
2023-01-13,99810.6218569,2023
2023-01-16,99761.34550816492,2023
2023-01-17,99761.04051481429,2023
2023-01-18,99759.8493141303,2023
2023-01-19,99760.66840490799,2023
2023-01-20,99760.15901867836,2023
2023-01-23,99801.10404634896,2023
2023-01-24,99632.16984482293,2023
2023-01-25,99388.91690260326,2023
2023-01-27,99161.66983129522,2023
2023-01-30,99112.07098963976,2023
2023-01-31,99529.00874793567,2023
2023-02-01,99531.42199150877,2023
2023-02-02,99533.26631471928,2023
2023-02-03,99531.50943691075,2023
2023-02-06,99480.65454166908,2023
2023-02-07,99480.63970304157,2023
2023-02-08,99481.00074444058,2023
2023-02-09,99480.68583148735,2023
2023-02-10,99479.92079221674,2023
2023-02-13,99430.03997770812,2023
2023-02-14,99429.07813668532,2023
2023-02-15,99428.25313007717,2023
2023-02-16,99428.1915685023,2023
2023-02-17,99428.96484474395,2023
2023-02-20,99378.53440850947,2023
2023-02-21,99379.56419342986,2023
2023-02-22,99379.44879268213,2023
2023-02-23,99378.14997127788,2023
2023-02-24,99379.20323763414,2023
2023-02-27,99329.37760908918,2023
2023-02-28,99760.49473511352,2023
2023-03-01,99761.7440654808,2023
2023-03-02,99761.84531715108,2023
2023-03-03,99761.72150402867,2023
2023-03-06,99711.84686101433,2023
2023-03-08,99710.43643207494,2023
2023-03-09,99711.37403923854,2023
2023-03-10,99711.60139512768,2023
2023-03-13,99662.46471961553,2023
2023-03-14,99661.65181094782,2023
2023-03-15,99661.55191968879,2023
2023-03-16,99662.90679657078,2023
2023-03-17,99661.96275387226,2023
2023-03-20,99614.30587828976,2023
2023-03-21,99613.18418082189,2023
2023-03-22,99613.80172037956,2023
2023-03-23,99614.21053456608,2023
2023-03-24,99614.90823153961,2023
2023-03-27,99563.71109878218,2023
2023-03-28,99564.6485558191,2023
2023-03-29,99564.11160905428,2023
2023-03-31,100041.11414240896,2023
2023-04-03,99989.90872069293,2023
2023-04-05,99990.15028169955,2023
2023-04-06,99991.55667984895,2023
2023-04-10,100037.13573002607,2023
2023-04-11,100106.73697694458,2023
2023-04-12,100176.71725470804,2023
2023-04-13,100063.96058443811,2023
2023-04-17,99610.88940377215,2023
2023-04-18,99684.55744205062,2023
2023-04-19,99568.28910150127,2023
2023-04-20,99586.86624444327,2023
2023-04-21,99766.24967193582,2023
2023-04-24,99716.26246603463,2023
2023-04-25,99715.91629299962,2023
2023-04-26,99717.29847030524,2023
2023-04-27,99717.50491595017,2023
2023-04-28,100163.98135575122,2023
2023-05-02,100162.96140865877,2023
2023-05-03,100166.76409153648,2023
2023-05-04,100168.92285735025,2023
2023-05-05,100169.55129751282,2023
2023-05-08,100627.7220342147,2023
2023-05-09,100493.52390152577,2023
2023-05-10,100470.53005372424,2023
2023-05-11,99929.75509118673,2023
2023-05-12,99651.29129171064,2023
2023-05-15,99923.37176609426,2023
2023-05-16,99818.00790927005,2023
2023-05-17,99532.13234324363,2023
2023-05-18,99350.78028567223,2023
2023-05-19,99659.62600538592,2023
2023-05-22,99825.62108478512,2023
2023-05-23,99783.50964066744,2023
2023-05-24,99697.78286087685,2023
2023-05-25,99822.16723037578,2023
2023-05-26,100418.06322045441,2023
2023-05-29,100547.83777309925,2023
2023-05-30,100814.76419710174,2023
2023-05-31,100873.65588069953,2023
2023-06-01,100726.08122128513,2023
2023-06-02,101127.4444938988,2023
2023-06-05,101593.7173296544,2023
2023-06-06,101970.37852811371,2023
2023-06-07,102128.75454252181,2023
2023-06-08,101747.12316095032,2023
2023-06-09,101589.12917573075,2023
2023-06-12,101433.83413339584,2023
2023-06-13,101739.32263917592,2023
2023-06-14,101591.87392753374,2023
2023-06-15,101530.58942530473,2023
2023-06-16,101925.27432364799,2023
2023-06-19,101906.20617679827,2023
2023-06-20,101925.60646614838,2023
2023-06-21,101665.7111042182,2023
2023-06-22,101504.78668383954,2023
2023-06-23,101141.68950409711,2023
2023-06-26,101209.04424999144,2023
2023-06-27,101364.73386042913,2023
2023-06-28,101730.12385452808,2023
2023-06-30,102991.23582343337,2023
2023-07-03,103215.00861205881,2023
2023-07-04,103556.1483333868,2023
2023-07-05,104054.76222489352,2023
2023-07-06,104097.95543458902,2023
2023-07-07,103642.70165009159,2023
2023-07-10,103238.98903269564,2023
2023-07-11,103672.42995702436,2023
2023-07-12,103482.00983768748,2023
2023-07-13,103244.70987363916,2023
2023-07-14,103600.29141846435,2023
2023-07-17,103582.8765949415,2023
2023-07-18,103648.4813209348,2023
2023-07-19,103821.94160606599,2023
2023-07-20,104470.62182265442,2023
2023-07-21,104522.41267475972,2023
2023-07-24,104131.65253482296,2023
2023-07-25,103974.09935529223,2023
2023-07-26,104338.83025235991,2023
2023-07-27,103811.30358411434,2023
2023-07-28,104027.30105993465,2023
2023-07-31,104379.16682399422,2023
2023-08-01,104207.06948060557,2023
2023-08-02,103730.96090653038,2023
2023-08-03,103360.67401452396,2023
2023-08-04,103611.31838957434,2023
2023-08-07,103899.93392998668,2023
2023-08-08,103744.11845654463,2023
2023-08-09,103861.15190050416,2023
2023-08-10,103583.39858840301,2023
2023-08-11,103298.47636731506,2023
2023-08-14,103293.53012902073,2023
2023-08-16,103287.2261330223,2023
2023-08-17,102886.09999456265,2023
2023-08-18,102746.25933218813,2023
2023-08-21,102840.96334075739,2023
2023-08-22,102916.58232985917,2023
2023-08-23,102945.14343825758,2023
2023-08-24,102831.4944656225,2023
2023-08-25,102700.05529030791,2023
2023-08-28,102791.17192601766,2023
2023-08-29,102729.94451455328,2023
2023-08-30,102789.77944199304,2023
2023-08-31,103089.25793072605,2023
2023-09-01,103401.51197684843,2023
2023-09-04,103584.34617209662,2023
2023-09-05,103865.93580959369,2023
2023-09-06,103718.24277847742,2023
2023-09-07,104060.59419730573,2023
2023-09-08,104183.04307384086,2023
2023-09-11,104471.20584363163,2023
2023-09-12,104658.04142018865,2023
2023-09-13,104992.15303861149,2023
2023-09-14,105097.48415967272,2023
2023-09-15,105646.07947943982,2023
2023-09-18,105692.35139951052,2023
2023-09-20,105420.14956889766,2023
2023-09-21,104700.08617520788,2023
2023-09-22,104522.85311574838,2023
2023-09-25,104683.16380828034,2023
2023-09-26,104740.51989681687,2023
2023-09-27,105212.53315316395,2023
2023-09-28,104757.5210376685,2023
2023-09-29,105430.84279329861,2023
2023-10-03,105230.61881975939,2023
2023-10-04,104411.46158167222,2023
2023-10-05,104613.79869929279,2023
2023-10-06,105175.6633546193,2023
2023-10-09,104955.22180261383,2023
2023-10-10,105262.40353540143,2023
2023-10-11,105318.84414406432,2023
2023-10-12,105303.38873258537,2023
2023-10-13,105443.05297594082,2023
2023-10-16,105575.26269959417,2023
2023-10-17,105743.50981721186,2023
2023-10-18,105479.10154022655,2023
2023-10-19,105290.08378749968,2023
2023-10-20,104740.92598021904,2023
2023-10-23,104381.70887102779,2023
2023-10-25,104156.74488636384,2023
2023-10-26,103701.79403887445,2023
2023-10-27,104024.09691701097,2023
2023-10-30,103971.7178227458,2023
2023-10-31,104440.86646079896,2023
2023-11-01,104440.25768565798,2023
2023-11-02,104439.50697492398,2023
2023-11-03,104440.44185148388,2023
2023-11-06,104387.21042898878,2023
2023-11-07,104387.48694364622,2023
2023-11-08,104386.47592595906,2023
2023-11-09,104386.65366566539,2023
2023-11-10,104387.71925593975,2023
2023-11-13,104452.13336509399,2023
2023-11-15,104802.44119263176,2023
2023-11-16,104952.14390648594,2023
2023-11-17,105024.64854031295,2023
2023-11-20,104991.8996308862,2023
2023-11-21,105305.85703968012,2023
2023-11-22,105186.71160086287,2023
2023-11-23,105180.31119251589,2023
2023-11-24,105123.05830494448,2023
2023-11-28,105403.30900526377,2023
2023-11-29,105980.01730196258,2023
2023-11-30,106638.88323490635,2023
2023-12-01,106855.82688511744,2023
2023-12-04,107318.55893819462,2023
2023-12-05,107530.20204080819,2023
2023-12-06,107516.05373689883,2023
2023-12-07,107327.30003880565,2023
2023-12-08,107349.88584420779,2023
2023-12-11,107417.18609959901,2023
2023-12-12,106972.13768994584,2023
2023-12-13,107333.8786449352,2023
2023-12-14,107718.76732625072,2023
2023-12-15,108375.53266377165,2023
2023-12-18,108476.99407086683,2023
2023-12-19,108292.08595451481,2023
2023-12-20,106915.65753216315,2023
2023-12-21,107150.10534791689,2023
2023-12-22,107660.57083890664,2023
2023-12-26,108154.00525852278,2023
2023-12-27,109196.68855017838,2023
2023-12-28,109689.00760986943,2023
2023-12-29,109877.90523576109,2023
2024-01-01,109590.53072668964,2024
2024-01-02,109724.02721447345,2024
2024-01-03,109276.97665122399,2024
2024-01-04,109445.24545910452,2024
2024-01-05,109450.6969290828,2024
2024-01-08,109155.2082113804,2024
2024-01-09,109551.96915828956,2024
2024-01-10,109640.14052566662,2024
2024-01-11,109686.200930596,2024
2024-01-12,110269.63396464844,2024
2024-01-15,110443.31798142348,2024
2024-01-16,110279.14617649135,2024
2024-01-17,109565.66361108467,2024
2024-01-18,109934.896899342,2024
2024-01-19,110704.87380134687,2024
2024-01-23,110376.40225661725,2024
2024-01-24,110866.13419851022,2024
2024-01-25,110353.81605275671,2024
2024-01-29,110931.3733598282,2024
2024-01-30,110635.60509278231,2024
2024-01-31,111310.23611357127,2024
2024-02-01,110716.12914352075,2024
2024-02-02,111207.19203602195,2024
2024-02-05,110718.94728837714,2024
2024-02-06,111725.43957963618,2024
2024-02-07,111823.4637872646,2024
2024-02-08,111801.32839486396,2024
2024-02-09,112166.24802215028,2024
2024-02-12,111928.15238771365,2024
2024-02-13,111226.82826410819,2024
2024-02-14,111197.90941104604,2024
2024-02-15,111409.11821951927,2024
2024-02-16,111717.09861132152,2024
2024-02-19,111725.7864137868,2024
2024-02-20,111490.83739833896,2024
2024-02-21,110982.98311385633,2024
2024-02-22,111767.71319318019,2024
2024-02-23,111600.96799141845,2024
2024-02-26,111213.45777019551,2024
2024-02-27,111577.66394717498,2024
2024-02-28,111116.72227465581,2024
2024-02-29,111430.24243624396,2024
2024-03-01,112095.84886657094,2024
2024-03-04,112039.90760770641,2024
2024-03-05,112046.2921727178,2024
2024-03-06,112653.949522076,2024
2024-03-07,112667.94536714599,2024
2024-03-11,112320.62136524638,2024
2024-03-12,112318.76844270747,2024
2024-03-13,111317.18490292072,2024
2024-03-14,112076.52213545419,2024
2024-03-15,111724.70572510017,2024
2024-03-18,111754.20948494291,2024
2024-03-19,110767.34894436372,2024
2024-03-20,110916.26232647704,2024
2024-03-21,111303.21281094982,2024
2024-03-22,111314.42801307693,2024
2024-03-26,110932.94836968591,2024
2024-03-27,110916.4916216167,2024
2024-03-28,111774.76647170554,2024
2024-04-01,111967.53720777124,2024
2024-04-02,111614.1917243987,2024
2024-04-03,111580.24416811926,2024
2024-04-04,111459.79235267613,2024
2024-04-05,111276.52709311302,2024
2024-04-08,111654.76084429977,2024
2024-04-09,111763.58427459988,2024
2024-04-10,112033.44599248795,2024
2024-04-12,111298.58088807763,2024
2024-04-15,110854.03045659818,2024
2024-04-16,110410.18050790994,2024
2024-04-18,110337.12865277813,2024
2024-04-19,110755.06101030605,2024
2024-04-22,110939.58254411623,2024
2024-04-23,110863.86318631914,2024
2024-04-24,111026.56446404464,2024
2024-04-25,111549.10835378454,2024
2024-04-26,111236.45677720907,2024
2024-04-29,111142.9959317114,2024
2024-04-30,111233.28570176043,2024
2024-05-02,111349.17948857365,2024
2024-05-03,110985.65211481154,2024
2024-05-06,110754.5091139651,2024
2024-05-07,109998.53025355772,2024
2024-05-08,110328.83204885281,2024
2024-05-09,109697.17310199302,2024
2024-05-10,110040.81776370118,2024
2024-05-13,110014.3164679376,2024
2024-05-14,110340.13605861779,2024
2024-05-15,110449.75869074058,2024
2024-05-16,110663.4830455117,2024
2024-05-17,111008.8911727333,2024
2024-05-21,111455.15062496331,2024
2024-05-22,111477.04704108115,2024
2024-05-23,111729.16066051177,2024
2024-05-24,111628.83581735787,2024
2024-05-27,110959.49143485696,2024
2024-05-28,111048.83837384265,2024
2024-05-29,110705.90334891921,2024
2024-05-30,109620.92767126279,2024
2024-05-31,109923.72581280286,2024
2024-06-03,110897.02586383201,2024
2024-06-04,108897.96274798832,2024
2024-06-05,109944.55842572892,2024
2024-06-06,110111.40434546431,2024
2024-06-07,110809.75872020567,2024
2024-06-10,110882.66991018463,2024
2024-06-11,111023.09431080682,2024
2024-06-12,111047.36300810704,2024
2024-06-13,111267.20140615168,2024
2024-06-14,111499.42524363303,2024
2024-06-18,111257.09126639918,2024
2024-06-19,110491.39567288505,2024
2024-06-20,110332.56698752311,2024
2024-06-21,110422.52083404295,2024
2024-06-24,110800.79393129118,2024
2024-06-25,110772.06102939526,2024
2024-06-26,111010.30807041896,2024
2024-06-27,111489.71214260817,2024
2024-06-28,111580.31516070622,2024
2024-07-01,111956.16518300747,2024
2024-07-02,112024.00718946112,2024
2024-07-03,112217.76672679065,2024
2024-07-04,112259.33444107384,2024
2024-07-05,112476.42364037067,2024
2024-07-08,112134.79400735944,2024
2024-07-09,113156.64279375243,2024
2024-07-10,112732.08685387274,2024
2024-07-11,112608.93983228851,2024
2024-07-12,112592.24414222063,2024
2024-07-15,112623.11511160106,2024
2024-07-16,112800.55824604542,2024
2024-07-18,113134.57437002553,2024
2024-07-19,112045.80057959536,2024
2024-07-22,112349.7327273205,2024
2024-07-23,112387.7807389182,2024
2024-07-24,112181.89590783282,2024
2024-07-25,112189.71572429172,2024
2024-07-26,113482.59938345366,2024
2024-07-29,113521.58683322578,2024
2024-07-30,113319.50583036333,2024
2024-07-31,113829.0363055097,2024
2024-08-01,113619.66610970537,2024
2024-08-02,112702.25150764095,2024
2024-08-05,111189.2058974295,2024
2024-08-06,110751.63142500787,2024
2024-08-07,111355.0726759192,2024
2024-08-08,111093.8222186705,2024
2024-08-09,111571.7408344577,2024
2024-08-12,111498.95154128404,2024
2024-08-13,110989.1345577321,2024
2024-08-14,111013.82594264041,2024
2024-08-16,111907.94898596869,2024
2024-08-19,111566.51485236212,2024
2024-08-20,111705.90022405738,2024
2024-08-21,112010.54005237616,2024
2024-08-22,112258.18297314533,2024
2024-08-23,112665.70279736225,2024
2024-08-26,112896.55169944871,2024
2024-08-27,112652.22573326749,2024
2024-08-28,112861.8962409261,2024
2024-08-29,112889.1192102216,2024
2024-08-30,113349.79174476679,2024
2024-09-02,113199.7987970512,2024
2024-09-03,113274.0109772701,2024
2024-09-04,113337.3853599815,2024
2024-09-05,113297.73061564611,2024
2024-09-06,112836.42980734256,2024
2024-09-09,113243.01469600925,2024
2024-09-10,113420.95100890745,2024
2024-09-11,113294.27608359871,2024
2024-09-12,114566.22290023575,2024
2024-09-13,114316.15505219153,2024
2024-09-16,114186.66599200001,2024
2024-09-17,114278.03863038612,2024
2024-09-18,114080.3046916208,2024
2024-09-19,114377.03618660258,2024
2024-09-20,115291.4783994414,2024
2024-09-23,115671.32646283299,2024
2024-09-24,115563.07357867526,2024
2024-09-25,115932.47091458876,2024
2024-09-26,116492.62374983206,2024
2024-09-27,116279.18620001167,2024
2024-09-30,115541.07058086019,2024
2024-10-01,115522.91110754096,2024
2024-10-03,114607.34930038684,2024
2024-10-04,114084.92295716131,2024
2024-10-07,114070.44653338974,2024
2024-10-08,114146.88903368593,2024
2024-10-09,113999.55955985977,2024
2024-10-10,113848.85145816224,2024
2024-10-11,113963.82860420071,2024
2024-10-14,114035.95974163356,2024
2024-10-15,114020.32249553892,2024
2024-10-16,113965.71749251046,2024
2024-10-17,113792.63930475748,2024
2024-10-18,113769.89424158014,2024
2024-10-21,113451.85621534767,2024
2024-10-22,113158.92444849809,2024
2024-10-23,112994.8934221333,2024
2024-10-24,112718.4146726717,2024
2024-10-25,112589.2750808384,2024
2024-10-28,112533.07354720769,2024
2024-10-29,112535.4208043168,2024
2024-10-30,112535.85134464064,2024
2024-10-31,112970.89089124577,2024
2024-11-01,112970.89089124577,2024
2024-11-04,112912.64611455039,2024
2024-11-05,112911.10744516678,2024
2024-11-06,112910.33094287159,2024
2024-11-07,112908.85851278756,2024
2024-11-08,112910.28005944396,2024
2024-11-11,112852.66669720707,2024
2024-11-12,112853.13246644141,2024
2024-11-13,112852.16269194173,2024
2024-11-14,112852.73401242218,2024
2024-11-18,112796.35951338157,2024
2024-11-19,112796.36266935595,2024
2024-11-21,112796.37658139311,2024
2024-11-22,112795.41390770902,2024
2024-11-25,112738.54920126137,2024
2024-11-26,112739.36688294122,2024
2024-11-27,112739.54156674483,2024
2024-11-28,112739.66853492479,2024
2024-11-29,113130.4562744757,2024
2024-12-02,113073.69924207687,2024
2024-12-03,113075.10780509707,2024
2024-12-04,113075.21494411255,2024
2024-12-05,113075.44313438919,2024
2024-12-06,113074.44554038516,2024
2024-12-09,113174.21548326354,2024
2024-12-10,113398.51530330052,2024
2024-12-11,113472.6838238198,2024
2024-12-12,113627.00211156605,2024
2024-12-13,114297.08828690482,2024
2024-12-16,113949.37475558545,2024
2024-12-17,113320.19097704538,2024
2024-12-18,113211.20877344767,2024
2024-12-19,112727.40814568414,2024
2024-12-20,112060.15482650208,2024
2024-12-23,112004.35920133501,2024
2024-12-24,112003.42155330232,2024
2024-12-26,112004.46303026813,2024
2024-12-27,112003.43832440053,2024
2024-12-30,111947.28141346633,2024
2024-12-31,112399.30123056256,2024
2025-01-01,112399.66528320138,2025
2025-01-02,112399.62746409551,2025
2025-01-03,112400.00825022599,2025
2025-01-06,112342.02128131174,2025
2025-01-07,112343.45450633531,2025
2025-01-08,112344.0116444296,2025
2025-01-09,112343.04417766164,2025
2025-01-10,112344.82472161175,2025
2025-01-13,112288.87695687907,2025
2025-01-14,112287.5500842775,2025
2025-01-15,112288.94635553242,2025
2025-01-16,112288.48665243351,2025
2025-01-17,112289.66066756695,2025
2025-01-20,112233.48697049703,2025
2025-01-21,112234.06358491267,2025
2025-01-22,112233.9925130248,2025
2025-01-23,112233.78169510436,2025
2025-01-24,112235.43280706275,2025
2025-01-27,112177.95073560801,2025
2025-01-28,112178.9800379481,2025
2025-01-29,112179.48031908002,2025
2025-01-30,112179.90541331578,2025
2025-01-31,112737.5173667229,2025
2025-02-01,112736.21593189513,2025
2025-02-03,112680.41554857756,2025
2025-02-04,112680.86833932779,2025
2025-02-05,112683.28196121748,2025
2025-02-06,112683.17772871783,2025
2025-02-07,112683.35252744479,2025
2025-02-10,112627.35709462529,2025
2025-02-11,112625.90358264025,2025
2025-02-12,112625.6881667803,2025
2025-02-13,112627.04173700647,2025
2025-02-14,112627.17399687966,2025
2025-02-17,112570.69139132004,2025
2025-02-18,112570.79400585587,2025
2025-02-19,112571.03444864383,2025
2025-02-20,112569.9368810815,2025
2025-02-21,112570.906989604,2025
2025-02-24,112513.62255169138,2025
2025-02-25,112513.62247860731,2025
2025-02-27,112514.47405864608,2025
2025-02-28,112926.28849042184,2025
2025-03-03,112868.7454667652,2025
2025-03-04,112869.09461171315,2025
2025-03-05,112869.05777139448,2025
2025-03-06,112870.07729039287,2025
2025-03-07,112870.2679020412,2025
2025-03-10,112813.80501372273,2025
2025-03-11,112812.57204148661,2025
2025-03-12,112813.85979176327,2025
2025-03-13,112814.10639302846,2025
2025-03-17,112756.9251515306,2025
2025-03-18,112756.9251515306,2025
2025-03-19,112758.45910132278,2025
2025-03-20,112758.57905572795,2025
2025-03-21,112758.47326422398,2025
2025-03-24,113273.58010825265,2025
2025-03-25,113146.45604143837,2025
2025-03-26,112742.94043888376,2025
2025-03-27,113015.49439659424,2025
2025-03-28,112855.67372241602,2025
2025-04-01,111805.08756344137,2025
2025-04-02,112206.34673134817,2025
2025-04-03,111760.06683054318,2025
2025-04-04,110703.41240123607,2025
2025-04-07,110643.87516891756,2025
2025-04-08,110643.79899721517,2025
2025-04-09,110646.53106833764,2025
2025-04-11,110651.3753353234,2025
2025-04-15,110651.27361894041,2025
2025-04-16,110652.47152630088,2025
2025-04-17,110653.33292874068,2025
2025-04-21,111141.75764920362,2025
2025-04-22,111150.13404263931,2025
2025-04-23,110982.18364857408,2025
2025-04-24,110790.92910923429,2025
2025-04-25,110146.92019871346,2025
2025-04-28,110736.19546169639,2025
2025-04-29,110579.34373916477,2025
2025-04-30,110402.32043429904,2025
2025-05-02,110555.53218191412,2025
2025-05-05,111053.13228592905,2025
2025-05-06,111166.5373939058,2025
2025-05-07,111367.00633695489,2025
2025-05-08,110774.07568450617,2025
2025-05-09,109671.57263527017,2025
2025-05-12,111597.50825047655,2025
2025-05-13,110848.97153628312,2025
2025-05-14,111118.2545641084,2025
2025-05-15,112019.90753860191,2025
2025-05-16,111854.03312528119,2025
2025-05-19,111598.75343400564,2025
2025-05-20,111026.97668659125,2025
2025-05-21,111319.41478316076,2025
2025-05-22,110975.61563368766,2025
2025-05-23,111246.5328755179,2025
2025-05-26,111392.49022026165,2025
2025-05-27,110979.84904945013,2025
2025-05-28,111012.79020052259,2025
2025-05-29,111202.25888310451,2025
2025-05-30,111251.4176510141,2025
2025-06-02,111009.94731150844,2025
2025-06-03,110500.71529435184,2025
2025-06-04,110756.0246648434,2025
2025-06-05,110872.89262574217,2025
2025-06-06,111823.62111485317,2025
2025-06-09,112012.86913940358,2025
2025-06-10,111688.8365993493,2025
2025-06-11,111667.92442197847,2025
2025-06-12,111216.58416972618,2025
2025-06-13,110895.10093854691,2025
2025-06-16,111347.8426045616,2025
2025-06-17,111133.73068683203,2025
2025-06-18,111206.92029854006,2025
2025-06-19,111167.7665510717,2025
2025-06-20,111946.98684125402,2025
2025-06-23,111713.66329981657,2025
2025-06-24,111838.76892712865,2025
2025-06-25,112316.92408977154,2025
2025-06-26,113260.55183937056,2025
2025-06-27,113547.5489003348,2025
2025-06-30,112981.1252704729,2025
2025-07-01,113020.94609371587,2025
2025-07-02,113167.15150827503,2025
2025-07-03,113101.45383389105,2025
2025-07-04,113200.52817212463,2025
2025-07-07,113045.12627974617,2025
2025-07-08,112982.06060935765,2025
2025-07-09,112737.93503549234,2025
2025-07-10,112694.15522797657,2025
2025-07-11,112136.45649311064,2025
2025-07-14,111967.7291622102,2025
2025-07-15,112163.95692003737,2025
2025-07-16,111964.66046376215,2025
2025-07-17,111992.85595130472,2025
2025-07-18,111998.49145111434,2025
2025-07-21,112113.39424801631,2025
2025-07-22,112053.5934739224,2025
2025-07-23,112279.26180013317,2025
2025-07-24,112166.98118597113,2025
2025-07-25,111871.10056532019,2025
2025-07-28,111629.95180126489,2025
2025-07-29,111782.9262643469,2025
2025-07-30,111810.61642168803,2025
2025-07-31,111942.38390888186,2025
2025-08-01,111606.19682594643,2025
2025-08-04,111551.69687690823,2025
2025-08-05,111553.27275734232,2025
2025-08-06,111552.07909555371,2025
2025-08-07,111552.53709336999,2025
2025-08-08,111554.17460998053,2025
2025-08-11,111496.45230140015,2025
2025-08-12,111497.19618053251,2025
2025-08-13,111496.39268852572,2025
2025-08-14,111497.51191475992,2025
2025-08-18,111440.2746147206,2025
2025-08-19,111440.136799515,2025
2025-08-20,111440.65772992565,2025
2025-08-21,111441.16744892504,2025
2025-08-22,111441.3188229371,2025
2025-08-25,111382.39074871269,2025
2025-08-26,111009.7247022098,2025
2025-08-28,110739.52812245174,2025
2025-08-29,110841.49358939978,2025
2025-09-01,110787.9830190612,2025
2025-09-02,110787.88533458184,2025
2025-09-03,110789.87615961947,2025
2025-09-04,110791.54112105831,2025
2025-09-05,110791.05677917844,2025
2025-09-08,110737.71551198709,2025
2025-09-09,110739.16123219844,2025
2025-09-10,110738.71185584932,2025
2025-09-11,110738.54494930553,2025
2025-09-12,110741.33855761847,2025
2025-09-15,110677.16203590966,2025
2025-09-16,111306.99597981114,2025
2025-09-17,111750.06598432794,2025
2025-09-18,111868.33747401311,2025
2025-09-19,111791.73572930011,2025
2025-09-22,111536.54475515679,2025
2025-09-23,111373.14281801994,2025
2025-09-24,111321.50102124937,2025
2025-09-25,111102.56812567757,2025
2025-09-26,110869.80821230423,2025
2025-09-29,110814.95133773543,2025
2025-09-30,111157.1893030316,2025
2025-10-01,111158.45579136214,2025
2025-10-03,111158.3523659701,2025
2025-10-06,111103.63549422323,2025
2025-10-07,111105.17073816087,2025
2025-10-08,111106.79314269146,2025
2025-10-09,111106.11357773334,2025
2025-10-10,111106.64196404592,2025
2025-10-13,110972.04461696483,2025
2025-10-14,110727.71688724015,2025
2025-10-15,111097.63325994485,2025
2025-10-16,111763.1040085507,2025
2025-10-17,112144.45752071096,2025
2025-10-20,112760.57894563471,2025
2025-10-21,112838.20274880006,2025
2025-10-23,112969.60350606103,2025
2025-10-24,113145.48935184696,2025
2025-10-27,113669.16154967593,2025
2025-10-28,113904.16283532497,2025
2025-10-29,113968.6670111999,2025
2025-10-30,113848.31527683824,2025
2025-10-31,113720.13939395183,2025
2025-11-03,113495.82817333129,2025
2025-11-04,113322.45097977885,2025
2025-11-06,112904.85383393707,2025
2025-11-07,113006.52437959654,2025
2025-11-10,113032.88261265618,2025
2025-11-11,113010.1349767776,2025
2025-11-12,113075.1658356209,2025
2025-11-13,113087.67246914111,2025
2025-11-14,113130.5391741251,2025
2025-11-17,113406.58771040905,2025
2025-11-18,113234.4295413323,2025
2025-11-19,113344.54068861212,2025
2025-11-20,113499.7660513545,2025
2025-11-21,113144.81962036579,2025
2025-11-24,112792.75195413106,2025
2025-11-25,112899.03231109398,2025
2025-11-26,113493.97117854778,2025
2025-11-27,113273.1282663954,2025
2025-11-28,113373.55246257568,2025
2025-12-01,113169.76121019734,2025
2025-12-02,112908.70778000732,2025
2025-12-03,112500.69435166458,2025
2025-12-04,112524.7234838662,2025
2025-12-05,113085.8171557528,2025
2025-12-08,112546.69133516829,2025
2025-12-09,112314.89564176752,2025
2025-12-10,112331.54473953978,2025
2025-12-11,112569.38923114499,2025
2025-12-12,113158.83961854246,2025
2025-12-15,112940.17696880578,2025
2025-12-16,112730.30413944006,2025
2025-12-17,112963.8810439092,2025
2025-12-18,112757.86138489468,2025
2025-12-19,113063.80648409267,2025
2025-12-22,113213.24922531066,2025
2025-12-23,113135.23959885156,2025
2025-12-24,113123.57613080787,2025
2025-12-26,113040.70597776567,2025
2025-12-29,112659.74666120668,2025
2025-12-30,112994.29282295611,2025
2025-12-31,113436.43567090014,2025
2026-01-01,113673.40275547843,2026
2026-01-02,114398.91736556013,2026
2026-01-05,114377.0653088352,2026
2026-01-06,114173.04882043456,2026
2026-01-07,113677.23330220254,2026
2026-01-08,112752.74284471653,2026
2026-01-09,112489.53190459727,2026
2026-01-12,112434.39698500588,2026
2026-01-13,112435.47773779635,2026
2026-01-14,112436.66094650074,2026
2026-01-16,112436.82063035169,2026
2026-01-19,112382.0590041903,2026
2026-01-20,112383.96914207691,2026
2026-01-21,112386.0159905476,2026
2026-01-22,112382.14239133215,2026
2026-01-23,112384.65117678882,2026
2026-01-27,112386.48410328916,2026
2026-01-28,112386.98034032495,2026
2026-01-29,112390.51632046304,2026
2026-01-30,112386.21298312112,2026
2026-02-02,112325.86417708817,2026
2026-02-03,112327.56984266643,2026
2026-02-04,112328.62932857017,2026
2026-02-05,112328.53629601472,2026
2026-02-06,112328.25034621124,2026
2026-02-09,112271.56696010276,2026
2026-02-10,112272.74358936507,2026
2026-02-11,112271.70063382271,2026
2026-02-12,112272.78256481288,2026
2026-02-13,112272.33106258755,2026
2026-02-16,112215.40068346233,2026
2026-02-17,112215.2216787307,2026
2026-02-18,112216.40128509085,2026
2026-02-19,112217.16510042158,2026
2026-02-20,112217.05312871824,2026
2026-02-23,112161.56611544653,2026
2026-02-24,112161.81913208614,2026
2026-02-25,112160.80240090804,2026
2026-02-26,112160.37862783356,2026
2026-02-27,112160.60435553399,2026
2026-03-02,112105.67780281173,2026
2026-03-04,112104.71507510805,2026
2026-03-05,112105.61958472808,2026
2026-03-06,112105.5942205692,2026
2026-03-09,112048.04411102066,2026
2026-03-10,112048.5134127597,2026
2026-03-11,112049.46888194903,2026
2026-03-12,112048.43190842574,2026
2026-03-13,112048.7899079045,2026
2026-03-16,111990.16560769889,2026
2026-03-17,111991.9187901338,2026
2026-03-18,111991.67426976327,2026
2026-03-19,111988.64924948466,2026
2026-03-20,111987.46601757478,2026
2026-03-23,111928.98840481708,2026
2026-03-24,111929.9323261372,2026
2026-03-25,111931.29840483886,2026
2026-03-27,111931.66427292647,2026
2026-03-30,111876.9586529109,2026
2026-04-01,111877.9403842379,2026
2026-04-02,111876.80031819818,2026
2026-04-06,111820.80952477426,2026
2026-04-07,111821.47377586724,2026
2026-04-08,111821.7238772815,2026
2026-04-09,111821.03827062136,2026
2026-04-10,111822.37174423954,2026
2026-04-13,111530.83926282077,2026
2026-04-15,112063.55136388261,2026
2026-04-16,112160.7356637155,2026
2026-04-17,112214.0671709115,2026
2026-04-20,112060.41163820906,2026
2026-04-21,112164.86224708136,2026
2026-04-22,111760.56490188644,2026
2026-04-23,111654.04189804832,2026
2026-04-24,111274.83628662837,2026
2026-04-27,111219.49617117197,2026
2026-04-28,111219.5444585328,2026
2026-04-29,111217.86786502216,2026
2026-04-30,111218.95257239835,2026
2026-05-04,111162.96074386728,2026
2026-05-05,111163.88688485573,2026
2026-05-06,111164.0051667201,2026
2026-05-07,111165.58794889832,2026
2026-05-08,111165.54352679833,2026
2026-05-11,111109.49281019332,2026
2026-05-12,111111.2279441935,2026
2026-05-13,111116.54958370583,2026
2026-05-14,111116.6953802591,2026
2026-05-15,111113.76372839576,2026
2026-05-18,111058.52280455534,2026
2026-05-19,111057.86445974173,2026
2026-05-20,111057.6251420246,2026
2026-05-21,111058.95573734057,2026
2026-05-22,111058.87261860925,2026
2026-05-25,111002.58496445222,2026
2026-05-26,111002.43580282964,2026
2026-05-27,111000.71827282645,2026
2026-05-29,111000.32952782542,2026
2026-06-01,110943.8038687863,2026
2026-06-02,110946.1888909803,2026
2026-06-03,110944.78176267374,2026
2026-06-04,110944.42821649076,2026
2026-06-05,110944.58253804372,2026
2026-06-08,110883.32368633534,2026
2026-06-09,110885.94610623446,2026
2026-06-10,110879.92793970983,2026
2026-06-11,110879.41927092633,2026
2026-06-12,110881.6671882296,2026
2026-06-15,110827.93782745191,2026
2026-06-16,110829.03414097439,2026
2026-06-17,110828.4054191114,2026
2026-06-18,110827.73623244007,2026
2026-06-19,110828.7637092772,2026
2026-06-22,110917.86464341015,2026
2026-06-23,110639.4088467392,2026
2026-06-24,110733.54405589958,2026
2026-06-25,110714.413219479,2026
2026-06-29,110549.79871546432,2026
2026-06-30,110402.68524173669,2026
2026-07-01,110503.36018326839,2026
2026-07-02,110647.1575333858,2026
2026-07-03,110708.53895646107,2026
2026-07-06,110987.1642996064,2026
